Souche0;1111111111111111111111111111111111000010000
Souche0;1111111111111111111111111111111111000111110
Souche1;1111111111111111111111111111000010111110111
Souche2;1110000111111111111111000000000000111111111
Souche3;1110111110000000011111111111000010111110111
Souche4;1111111111110111111111111111111100001111111
Souche5;0000000000000000000000000000000000111111111
Souche6;1111111111111111111111111111111100001111111
Souche7;1110000111111011111111000000000000001111111
Souche8;1110000111111111111111000000000000110011111
Souche9;0000000000000000000000000000000000111111111
Souche10;1110000000001111111111111111111100001111111
Souche11;1110000000001111101111111111111100001110000
Souche12;1001111111111111111111111111000010111111111
Souche12;1111111111111111111111111111111111000111110
Souche12;1111111111111111111111111111111111000110000
Souche12;1111111111111111111111111111111111000011001
Souche12;1111111111111111111111111111111111111110000
Souche12;1111111111111111111111111111111111000011111
Souche12;1111111111111111111111111111111111000001111
Souche12;1111111111111111111111111111111111101011111
Souche12;1111111111111111111111111111111111001111110
Souche12;1111111111111111111111111111111111000000100
Souche12;1111111111111111111111111111111111000111000
Souche12;1111111111111111111111111111111111000000111
Souche12;1111111111111111111111111111111111010000000
Souche12;1111111111111111111111111111111111111100000
Souche12;1111111111111111111111111111111111001111011
Souche12;1111111111111111111111111111111111000000000